Name,Type,Quality
Anklet,Celestial Anklet of Courage S,S
Anklet,Celestial Anklet of Agility S,S
Anklet,Celestial Anklet of Magic S,S
Anklet,Celestial Anklet of Wisdom S,S
Anklet,Celestial Anklet of Courage A,A
Anklet,Celestial Anklet of Agility A,A
Anklet,Celestial Anklet of Magic A,A
Anklet,Celestial Anklet of Wisdom A,A
Anklet,Celestial Anklet of Courage B,B
Anklet,Celestial Anklet of Agility B,B
Anklet,Celestial Anklet of Magic B,B
Anklet,Celestial Anklet of Wisdom B,B
Anklet,Celestial Anklet of Courage C,C
Anklet,Celestial Anklet of Agility C,C
Anklet,Celestial Anklet of Magic C,C
Anklet,Celestial Anklet of Wisdom C,C
Anklet,Celestial Anklet of Courage D,D
Anklet,Celestial Anklet of Agility D,D
Anklet,Celestial Anklet of Magic D,D
Anklet,Celestial Anklet of Wisdom D,D
Anklet,Celestial Anklet of Courage S.S,S
Anklet,Celestial Anklet of Agility S.S,S
Anklet,Celestial Anklet of Magic S.S,S
Anklet,Celestial Anklet of Wisdom S.S,S
Anklet,Celestial Anklet of Courage S.A,A
Anklet,Celestial Anklet of Agility S.A,A
Anklet,Celestial Anklet of Magic S.A,A
Anklet,Celestial Anklet of Wisdom S.A,A
Anklet,Celestial Anklet of Courage S.B,B
Anklet,Celestial Anklet of Agility S.B,B
Anklet,Celestial Anklet of Magic S.B,B
Anklet,Celestial Anklet of Wisdom S.B,B
Anklet,Celestial Anklet of Courage S.C,C
Anklet,Celestial Anklet of Agility S.C,C
Anklet,Celestial Anklet of Magic S.C,C
Anklet,Celestial Anklet of Wisdom S.C,C
Anklet,Celestial Anklet of Courage S.D,D
Anklet,Celestial Anklet of Agility S.D,D
Anklet,Celestial Anklet of Magic S.D,D
Anklet,Celestial Anklet of Wisdom S.D,D
Anklet,Celestial Anklet of Courage A.S,A
Anklet,Celestial Anklet of Agility A.S,A
Anklet,Celestial Anklet of Magic A.S,A
Anklet,Celestial Anklet of Wisdom A.S,A
Anklet,Celestial Anklet of Courage A.A,A
Anklet,Celestial Anklet of Agility A.A,A
Anklet,Celestial Anklet of Magic A.A,A
Anklet,Celestial Anklet of Wisdom A.A,A
Anklet,Celestial Anklet of Courage A.B,B
Anklet,Celestial Anklet of Agility A.B,B
Anklet,Celestial Anklet of Magic A.B,B
Anklet,Celestial Anklet of Wisdom A.B,B
Anklet,Celestial Anklet of Courage A.C,C
Anklet,Celestial Anklet of Agility A.C,C
Anklet,Celestial Anklet of Magic A.C,C
Anklet,Celestial Anklet of Wisdom A.C,C
Anklet,Celestial Anklet of Courage A.D,D
Anklet,Celestial Anklet of Agility A.D,D
Anklet,Celestial Anklet of Magic A.D,D
Anklet,Celestial Anklet of Wisdom A.D,D
Anklet,Celestial Anklet of Courage B.S,B
Anklet,Celestial Anklet of Agility B.S,B
Anklet,Celestial Anklet of Magic B.S,B
Anklet,Celestial Anklet of Wisdom B.S,B
Anklet,Celestial Anklet of Courage B.A,A
Anklet,Celestial Anklet of Agility B.A,A
Anklet,Celestial Anklet of Magic B.A,A
Anklet,Celestial Anklet of Wisdom B.A,A
Anklet,Celestial Anklet of Courage B.B,B
Anklet,Celestial Anklet of Agility B.B,B
Anklet,Celestial Anklet of Magic B.B,B
Anklet,Celestial Anklet of Wisdom B.B,B
Anklet,Celestial Anklet of Courage B.C,C
Anklet,Celestial Anklet of Agility B.C,C
Anklet,Celestial Anklet of Magic B.C,C
Anklet,Celestial Anklet of Wisdom B.C,C
Anklet,Celestial Anklet of Courage B.D,D
Anklet,Celestial Anklet of Agility B.D,D
Anklet,Celestial Anklet of Magic B.D,D
Anklet,Celestial Anklet of Wisdom B.D,D
Anklet,Celestial Anklet of Courage C.S,C
Anklet,Celestial Anklet of Agility C.S,C
Anklet,Celestial Anklet of Magic C.S,C
Anklet,Celestial Anklet of Wisdom C.S,C
Anklet,Celestial Anklet of Courage C.A,A
Anklet,Celestial Anklet of Agility C.A,A
Anklet,Celestial Anklet of Magic C.A,A
Anklet,Celestial Anklet of Wisdom C.A,A
Anklet,Celestial Anklet of Courage C.B,B
Anklet,Celestial Anklet of Agility C.B,B
Anklet,Celestial Anklet of Magic C.B,B
Anklet,Celestial Anklet of Wisdom C.B,B
Anklet,Celestial Anklet of Courage C.C,C
Anklet,Celestial Anklet of Agility C.C,C
Anklet,Celestial Anklet of Magic C.C,C
Anklet,Celestial Anklet of Wisdom C.C,C
Anklet,Celestial Anklet of Courage C.D,D
Anklet,Celestial Anklet of Agility C.D,D
Anklet,Celestial Anklet of Magic C.D,D
Anklet,Celestial Anklet of Wisdom C.D,D
Anklet,Celestial Anklet of Courage D.S,D
Anklet,Celestial Anklet of Agility D.S,D
Anklet,Celestial Anklet of Magic D.S,D
Anklet,Celestial Anklet of Wisdom D.S,D
Anklet,Celestial Anklet of Courage D.A,A
Anklet,Celestial Anklet of Agility D.A,A
Anklet,Celestial Anklet of Magic D.A,A
Anklet,Celestial Anklet of Wisdom D.A,A
Anklet,Celestial Anklet of Courage D.B,B
Anklet,Celestial Anklet of Agility D.B,B
Anklet,Celestial Anklet of Magic D.B,B
Anklet,Celestial Anklet of Wisdom D.B,B
Anklet,Celestial Anklet of Courage D.C,C
Anklet,Celestial Anklet of Agility D.C,C
Anklet,Celestial Anklet of Magic D.C,C
Anklet,Celestial Anklet of Wisdom D.C,C
Anklet,Celestial Anklet of Courage D.D,D
Anklet,Celestial Anklet of Agility D.D,D
Anklet,Celestial Anklet of Magic D.D,D
Anklet,Celestial Anklet of Wisdom D.D,D
Anklet,Celestial Anklet of Courage S.S.S,S
Anklet,Celestial Anklet of Agility S.S.S,S
Anklet,Celestial Anklet of Magic S.S.S,S
Anklet,Celestial Anklet of Wisdom S.S.S,S
Anklet,Celestial Anklet of Courage S.S.A,A
Anklet,Celestial Anklet of Agility S.S.A,A
Anklet,Celestial Anklet of Magic S.S.A,A
Anklet,Celestial Anklet of Wisdom S.S.A,A
Anklet,Celestial Anklet of Courage S.S.B,B
Anklet,Celestial Anklet of Agility S.S.B,B
Anklet,Celestial Anklet of Magic S.S.B,B
Anklet,Celestial Anklet of Wisdom S.S.B,B
Anklet,Celestial Anklet of Courage S.S.C,C
Anklet,Celestial Anklet of Agility S.S.C,C
Anklet,Celestial Anklet of Magic S.S.C,C
Anklet,Celestial Anklet of Wisdom S.S.C,C
Anklet,Celestial Anklet of Courage S.S.D,D
Anklet,Celestial Anklet of Agility S.S.D,D
Anklet,Celestial Anklet of Magic S.S.D,D
Anklet,Celestial Anklet of Wisdom S.S.D,D
Anklet,Celestial Anklet of Courage S.A.S,A
Anklet,Celestial Anklet of Agility S.A.S,A
Anklet,Celestial Anklet of Magic S.A.S,A
Anklet,Celestial Anklet of Wisdom S.A.S,A
Anklet,Celestial Anklet of Courage S.A.A,A
Anklet,Celestial Anklet of Agility S.A.A,A
Anklet,Celestial Anklet of Magic S.A.A,A
Anklet,Celestial Anklet of Wisdom S.A.A,A
Anklet,Celestial Anklet of Courage S.A.B,B
Anklet,Celestial Anklet of Agility S.A.B,B
Anklet,Celestial Anklet of Magic S.A.B,B
Anklet,Celestial Anklet of Wisdom S.A.B,B
Anklet,Celestial Anklet of Courage S.A.C,C
Anklet,Celestial Anklet of Agility S.A.C,C
Anklet,Celestial Anklet of Magic S.A.C,C
Anklet,Celestial Anklet of Wisdom S.A.C,C
Anklet,Celestial Anklet of Courage S.A.D,D
Anklet,Celestial Anklet of Agility S.A.D,D
Anklet,Celestial Anklet of Magic S.A.D,D
Anklet,Celestial Anklet of Wisdom S.A.D,D
Anklet,Celestial Anklet of Courage S.B.S,B
Anklet,Celestial Anklet of Agility S.B.S,B
Anklet,Celestial Anklet of Magic S.B.S,B
Anklet,Celestial Anklet of Wisdom S.B.S,B
Anklet,Celestial Anklet of Courage S.B.A,A
Anklet,Celestial Anklet of Agility S.B.A,A
Anklet,Celestial Anklet of Magic S.B.A,A
Anklet,Celestial Anklet of Wisdom S.B.A,A
Anklet,Celestial Anklet of Courage S.B.B,B
Anklet,Celestial Anklet of Agility S.B.B,B
Anklet,Celestial Anklet of Magic S.B.B,B
Anklet,Celestial Anklet of Wisdom S.B.B,B
Anklet,Celestial Anklet of Courage S.B.C,C
Anklet,Celestial Anklet of Agility S.B.C,C
Anklet,Celestial Anklet of Magic S.B.C,C
Anklet,Celestial Anklet of Wisdom S.B.C,C
Anklet,Celestial Anklet of Courage S.B.D,D
Anklet,Celestial Anklet of Agility S.B.D,D
Anklet,Celestial Anklet of Magic S.B.D,D
Anklet,Celestial Anklet of Wisdom S.B.D,D
Anklet,Celestial Anklet of Courage S.C.S,C
Anklet,Celestial Anklet of Agility S.C.S,C
Anklet,Celestial Anklet of Magic S.C.S,C
Anklet,Celestial Anklet of Wisdom S.C.S,C
Anklet,Celestial Anklet of Courage S.C.A,A
Anklet,Celestial Anklet of Agility S.C.A,A
Anklet,Celestial Anklet of Magic S.C.A,A
Anklet,Celestial Anklet of Wisdom S.C.A,A
Anklet,Celestial Anklet of Courage S.C.B,B
Anklet,Celestial Anklet of Agility S.C.B,B
Anklet,Celestial Anklet of Magic S.C.B,B
Anklet,Celestial Anklet of Wisdom S.C.B,B
Anklet,Celestial Anklet of Courage S.C.C,C
Anklet,Celestial Anklet of Agility S.C.C,C
Anklet,Celestial Anklet of Magic S.C.C,C
Anklet,Celestial Anklet of Wisdom S.C.C,C
Anklet,Celestial Anklet of Courage S.C.D,D
Anklet,Celestial Anklet of Agility S.C.D,D
Anklet,Celestial Anklet of Magic S.C.D,D
Anklet,Celestial Anklet of Wisdom S.C.D,D
Anklet,Celestial Anklet of Courage S.D.S,D
Anklet,Celestial Anklet of Agility S.D.S,D
Anklet,Celestial Anklet of Magic S.D.S,D
Anklet,Celestial Anklet of Wisdom S.D.S,D
Anklet,Celestial Anklet of Courage S.D.A,A
Anklet,Celestial Anklet of Agility S.D.A,A
Anklet,Celestial Anklet of Magic S.D.A,A
Anklet,Celestial Anklet of Wisdom S.D.A,A
Anklet,Celestial Anklet of Courage S.D.B,B
Anklet,Celestial Anklet of Agility S.D.B,B
Anklet,Celestial Anklet of Magic S.D.B,B
Anklet,Celestial Anklet of Wisdom S.D.B,B
Anklet,Celestial Anklet of Courage S.D.C,C
Anklet,Celestial Anklet of Agility S.D.C,C
Anklet,Celestial Anklet of Magic S.D.C,C
Anklet,Celestial Anklet of Wisdom S.D.C,C
Anklet,Celestial Anklet of Courage S.D.D,D
Anklet,Celestial Anklet of Agility S.D.D,D
Anklet,Celestial Anklet of Magic S.D.D,D
Anklet,Celestial Anklet of Wisdom S.D.D,D
Anklet,Celestial Anklet of Courage A.S.S,A
Anklet,Celestial Anklet of Agility A.S.S,A
Anklet,Celestial Anklet of Magic A.S.S,A
Anklet,Celestial Anklet of Wisdom A.S.S,A
Anklet,Celestial Anklet of Courage A.S.A,A
Anklet,Celestial Anklet of Agility A.S.A,A
Anklet,Celestial Anklet of Magic A.S.A,A
Anklet,Celestial Anklet of Wisdom A.S.A,A
Anklet,Celestial Anklet of Courage A.S.B,B
Anklet,Celestial Anklet of Agility A.S.B,B
Anklet,Celestial Anklet of Magic A.S.B,B
Anklet,Celestial Anklet of Wisdom A.S.B,B
Anklet,Celestial Anklet of Courage A.S.C,C
Anklet,Celestial Anklet of Agility A.S.C,C
Anklet,Celestial Anklet of Magic A.S.C,C
Anklet,Celestial Anklet of Wisdom A.S.C,C
Anklet,Celestial Anklet of Courage A.S.D,D
Anklet,Celestial Anklet of Agility A.S.D,D
Anklet,Celestial Anklet of Magic A.S.D,D
Anklet,Celestial Anklet of Wisdom A.S.D,D
Anklet,Celestial Anklet of Courage A.A.S,A
Anklet,Celestial Anklet of Agility A.A.S,A
Anklet,Celestial Anklet of Magic A.A.S,A
Anklet,Celestial Anklet of Wisdom A.A.S,A
Anklet,Celestial Anklet of Courage A.A.A,A
Anklet,Celestial Anklet of Agility A.A.A,A
Anklet,Celestial Anklet of Magic A.A.A,A
Anklet,Celestial Anklet of Wisdom A.A.A,A
Anklet,Celestial Anklet of Courage A.A.B,B
Anklet,Celestial Anklet of Agility A.A.B,B
Anklet,Celestial Anklet of Magic A.A.B,B
Anklet,Celestial Anklet of Wisdom A.A.B,B
Anklet,Celestial Anklet of Courage A.A.C,C
Anklet,Celestial Anklet of Agility A.A.C,C
Anklet,Celestial Anklet of Magic A.A.C,C
Anklet,Celestial Anklet of Wisdom A.A.C,C
Anklet,Celestial Anklet of Courage A.A.D,D
Anklet,Celestial Anklet of Agility A.A.D,D
Anklet,Celestial Anklet of Magic A.A.D,D
Anklet,Celestial Anklet of Wisdom A.A.D,D
Anklet,Celestial Anklet of Courage A.B.S,B
Anklet,Celestial Anklet of Agility A.B.S,B
Anklet,Celestial Anklet of Magic A.B.S,B
Anklet,Celestial Anklet of Wisdom A.B.S,B
Anklet,Celestial Anklet of Courage A.B.A,A
Anklet,Celestial Anklet of Agility A.B.A,A
Anklet,Celestial Anklet of Magic A.B.A,A
Anklet,Celestial Anklet of Wisdom A.B.A,A
Anklet,Celestial Anklet of Courage A.B.B,B
Anklet,Celestial Anklet of Agility A.B.B,B
Anklet,Celestial Anklet of Magic A.B.B,B
Anklet,Celestial Anklet of Wisdom A.B.B,B
Anklet,Celestial Anklet of Courage A.B.C,C
Anklet,Celestial Anklet of Agility A.B.C,C
Anklet,Celestial Anklet of Magic A.B.C,C
Anklet,Celestial Anklet of Wisdom A.B.C,C
Anklet,Celestial Anklet of Courage A.B.D,D
Anklet,Celestial Anklet of Agility A.B.D,D
Anklet,Celestial Anklet of Magic A.B.D,D
Anklet,Celestial Anklet of Wisdom A.B.D,D
Anklet,Celestial Anklet of Courage A.C.S,C
Anklet,Celestial Anklet of Agility A.C.S,C
Anklet,Celestial Anklet of Magic A.C.S,C
Anklet,Celestial Anklet of Wisdom A.C.S,C
Anklet,Celestial Anklet of Courage A.C.A,A
Anklet,Celestial Anklet of Agility A.C.A,A
Anklet,Celestial Anklet of Magic A.C.A,A
Anklet,Celestial Anklet of Wisdom A.C.A,A
Anklet,Celestial Anklet of Courage A.C.B,B
Anklet,Celestial Anklet of Agility A.C.B,B
Anklet,Celestial Anklet of Magic A.C.B,B
Anklet,Celestial Anklet of Wisdom A.C.B,B
Anklet,Celestial Anklet of Courage A.C.C,C
Anklet,Celestial Anklet of Agility A.C.C,C
Anklet,Celestial Anklet of Magic A.C.C,C
Anklet,Celestial Anklet of Wisdom A.C.C,C
Anklet,Celestial Anklet of Courage A.C.D,D
Anklet,Celestial Anklet of Agility A.C.D,D
Anklet,Celestial Anklet of Magic A.C.D,D
Anklet,Celestial Anklet of Wisdom A.C.D,D
Anklet,Celestial Anklet of Courage A.D.S,D
Anklet,Celestial Anklet of Agility A.D.S,D
Anklet,Celestial Anklet of Magic A.D.S,D
Anklet,Celestial Anklet of Wisdom A.D.S,D
Anklet,Celestial Anklet of Courage A.D.A,A
Anklet,Celestial Anklet of Agility A.D.A,A
Anklet,Celestial Anklet of Magic A.D.A,A
Anklet,Celestial Anklet of Wisdom A.D.A,A
Anklet,Celestial Anklet of Courage A.D.B,B
Anklet,Celestial Anklet of Agility A.D.B,B
Anklet,Celestial Anklet of Magic A.D.B,B
Anklet,Celestial Anklet of Wisdom A.D.B,B
Anklet,Celestial Anklet of Courage A.D.C,C
Anklet,Celestial Anklet of Agility A.D.C,C
Anklet,Celestial Anklet of Magic A.D.C,C
Anklet,Celestial Anklet of Wisdom A.D.C,C
Anklet,Celestial Anklet of Courage A.D.D,D
Anklet,Celestial Anklet of Agility A.D.D,D
Anklet,Celestial Anklet of Magic A.D.D,D
Anklet,Celestial Anklet of Wisdom A.D.D,D
Anklet,Celestial Anklet of Courage B.S.S,B
Anklet,Celestial Anklet of Agility B.S.S,B
Anklet,Celestial Anklet of Magic B.S.S,B
Anklet,Celestial Anklet of Wisdom B.S.S,B
Anklet,Celestial Anklet of Courage B.S.A,A
Anklet,Celestial Anklet of Agility B.S.A,A
Anklet,Celestial Anklet of Magic B.S.A,A
Anklet,Celestial Anklet of Wisdom B.S.A,A
Anklet,Celestial Anklet of Courage B.S.B,B
Anklet,Celestial Anklet of Agility B.S.B,B
Anklet,Celestial Anklet of Magic B.S.B,B
Anklet,Celestial Anklet of Wisdom B.S.B,B
Anklet,Celestial Anklet of Courage B.S.C,C
Anklet,Celestial Anklet of Agility B.S.C,C
Anklet,Celestial Anklet of Magic B.S.C,C
Anklet,Celestial Anklet of Wisdom B.S.C,C
Anklet,Celestial Anklet of Courage B.S.D,D
Anklet,Celestial Anklet of Agility B.S.D,D
Anklet,Celestial Anklet of Magic B.S.D,D
Anklet,Celestial Anklet of Wisdom B.S.D,D
Anklet,Celestial Anklet of Courage B.A.S,A
Anklet,Celestial Anklet of Agility B.A.S,A
Anklet,Celestial Anklet of Magic B.A.S,A
Anklet,Celestial Anklet of Wisdom B.A.S,A
Anklet,Celestial Anklet of Courage B.A.A,A
Anklet,Celestial Anklet of Agility B.A.A,A
Anklet,Celestial Anklet of Magic B.A.A,A
Anklet,Celestial Anklet of Wisdom B.A.A,A
Anklet,Celestial Anklet of Courage B.A.B,B
Anklet,Celestial Anklet of Agility B.A.B,B
Anklet,Celestial Anklet of Magic B.A.B,B
Anklet,Celestial Anklet of Wisdom B.A.B,B
Anklet,Celestial Anklet of Courage B.A.C,C
Anklet,Celestial Anklet of Agility B.A.C,C
Anklet,Celestial Anklet of Magic B.A.C,C
Anklet,Celestial Anklet of Wisdom B.A.C,C
Anklet,Celestial Anklet of Courage B.A.D,D
Anklet,Celestial Anklet of Agility B.A.D,D
Anklet,Celestial Anklet of Magic B.A.D,D
Anklet,Celestial Anklet of Wisdom B.A.D,D
Anklet,Celestial Anklet of Courage B.B.S,B
Anklet,Celestial Anklet of Agility B.B.S,B
Anklet,Celestial Anklet of Magic B.B.S,B
Anklet,Celestial Anklet of Wisdom B.B.S,B
Anklet,Celestial Anklet of Courage B.B.A,A
Anklet,Celestial Anklet of Agility B.B.A,A
Anklet,Celestial Anklet of Magic B.B.A,A
Anklet,Celestial Anklet of Wisdom B.B.A,A
Anklet,Celestial Anklet of Courage B.B.B,B
Anklet,Celestial Anklet of Agility B.B.B,B
Anklet,Celestial Anklet of Magic B.B.B,B
Anklet,Celestial Anklet of Wisdom B.B.B,B
Anklet,Celestial Anklet of Courage B.B.C,C
Anklet,Celestial Anklet of Agility B.B.C,C
Anklet,Celestial Anklet of Magic B.B.C,C
Anklet,Celestial Anklet of Wisdom B.B.C,C
Anklet,Celestial Anklet of Courage B.B.D,D
Anklet,Celestial Anklet of Agility B.B.D,D
Anklet,Celestial Anklet of Magic B.B.D,D
Anklet,Celestial Anklet of Wisdom B.B.D,D
Anklet,Celestial Anklet of Courage B.C.S,C
Anklet,Celestial Anklet of Agility B.C.S,C
Anklet,Celestial Anklet of Magic B.C.S,C
Anklet,Celestial Anklet of Wisdom B.C.S,C
Anklet,Celestial Anklet of Courage B.C.A,A
Anklet,Celestial Anklet of Agility B.C.A,A
Anklet,Celestial Anklet of Magic B.C.A,A
Anklet,Celestial Anklet of Wisdom B.C.A,A
Anklet,Celestial Anklet of Courage B.C.B,B
Anklet,Celestial Anklet of Agility B.C.B,B
Anklet,Celestial Anklet of Magic B.C.B,B
Anklet,Celestial Anklet of Wisdom B.C.B,B
Anklet,Celestial Anklet of Courage B.C.C,C
Anklet,Celestial Anklet of Agility B.C.C,C
Anklet,Celestial Anklet of Magic B.C.C,C
Anklet,Celestial Anklet of Wisdom B.C.C,C
Anklet,Celestial Anklet of Courage B.C.D,D
Anklet,Celestial Anklet of Agility B.C.D,D
Anklet,Celestial Anklet of Magic B.C.D,D
Anklet,Celestial Anklet of Wisdom B.C.D,D
Anklet,Celestial Anklet of Courage B.D.S,D
Anklet,Celestial Anklet of Agility B.D.S,D
Anklet,Celestial Anklet of Magic B.D.S,D
Anklet,Celestial Anklet of Wisdom B.D.S,D
Anklet,Celestial Anklet of Courage B.D.A,A
Anklet,Celestial Anklet of Agility B.D.A,A
Anklet,Celestial Anklet of Magic B.D.A,A
Anklet,Celestial Anklet of Wisdom B.D.A,A
Anklet,Celestial Anklet of Courage B.D.B,B
Anklet,Celestial Anklet of Agility B.D.B,B
Anklet,Celestial Anklet of Magic B.D.B,B
Anklet,Celestial Anklet of Wisdom B.D.B,B
Anklet,Celestial Anklet of Courage B.D.C,C
Anklet,Celestial Anklet of Agility B.D.C,C
Anklet,Celestial Anklet of Magic B.D.C,C
Anklet,Celestial Anklet of Wisdom B.D.C,C
Anklet,Celestial Anklet of Courage B.D.D,D
Anklet,Celestial Anklet of Agility B.D.D,D
Anklet,Celestial Anklet of Magic B.D.D,D
Anklet,Celestial Anklet of Wisdom B.D.D,D
Anklet,Celestial Anklet of Courage C.S.S,C
Anklet,Celestial Anklet of Agility C.S.S,C
Anklet,Celestial Anklet of Magic C.S.S,C
Anklet,Celestial Anklet of Wisdom C.S.S,C
Anklet,Celestial Anklet of Courage C.S.A,A
Anklet,Celestial Anklet of Agility C.S.A,A
Anklet,Celestial Anklet of Magic C.S.A,A
Anklet,Celestial Anklet of Wisdom C.S.A,A
Anklet,Celestial Anklet of Courage C.S.B,B
Anklet,Celestial Anklet of Agility C.S.B,B
Anklet,Celestial Anklet of Magic C.S.B,B
Anklet,Celestial Anklet of Wisdom C.S.B,B
Anklet,Celestial Anklet of Courage C.S.C,C
Anklet,Celestial Anklet of Agility C.S.C,C
Anklet,Celestial Anklet of Magic C.S.C,C
Anklet,Celestial Anklet of Wisdom C.S.C,C
Anklet,Celestial Anklet of Courage C.S.D,D
Anklet,Celestial Anklet of Agility C.S.D,D
Anklet,Celestial Anklet of Magic C.S.D,D
Anklet,Celestial Anklet of Wisdom C.S.D,D
Anklet,Celestial Anklet of Courage C.A.S,A
Anklet,Celestial Anklet of Agility C.A.S,A
Anklet,Celestial Anklet of Magic C.A.S,A
Anklet,Celestial Anklet of Wisdom C.A.S,A
Anklet,Celestial Anklet of Courage C.A.A,A
Anklet,Celestial Anklet of Agility C.A.A,A
Anklet,Celestial Anklet of Magic C.A.A,A
Anklet,Celestial Anklet of Wisdom C.A.A,A
Anklet,Celestial Anklet of Courage C.A.B,B
Anklet,Celestial Anklet of Agility C.A.B,B
Anklet,Celestial Anklet of Magic C.A.B,B
Anklet,Celestial Anklet of Wisdom C.A.B,B
Anklet,Celestial Anklet of Courage C.A.C,C
Anklet,Celestial Anklet of Agility C.A.C,C
Anklet,Celestial Anklet of Magic C.A.C,C
Anklet,Celestial Anklet of Wisdom C.A.C,C
Anklet,Celestial Anklet of Courage C.A.D,D
Anklet,Celestial Anklet of Agility C.A.D,D
Anklet,Celestial Anklet of Magic C.A.D,D
Anklet,Celestial Anklet of Wisdom C.A.D,D
Anklet,Celestial Anklet of Courage C.B.S,B
Anklet,Celestial Anklet of Agility C.B.S,B
Anklet,Celestial Anklet of Magic C.B.S,B
Anklet,Celestial Anklet of Wisdom C.B.S,B
Anklet,Celestial Anklet of Courage C.B.A,A
Anklet,Celestial Anklet of Agility C.B.A,A
Anklet,Celestial Anklet of Magic C.B.A,A
Anklet,Celestial Anklet of Wisdom C.B.A,A
Anklet,Celestial Anklet of Courage C.B.B,B
Anklet,Celestial Anklet of Agility C.B.B,B
Anklet,Celestial Anklet of Magic C.B.B,B
Anklet,Celestial Anklet of Wisdom C.B.B,B
Anklet,Celestial Anklet of Courage C.B.C,C
Anklet,Celestial Anklet of Agility C.B.C,C
Anklet,Celestial Anklet of Magic C.B.C,C
Anklet,Celestial Anklet of Wisdom C.B.C,C
Anklet,Celestial Anklet of Courage C.B.D,D
Anklet,Celestial Anklet of Agility C.B.D,D
Anklet,Celestial Anklet of Magic C.B.D,D
Anklet,Celestial Anklet of Wisdom C.B.D,D
Anklet,Celestial Anklet of Courage C.C.S,C
Anklet,Celestial Anklet of Agility C.C.S,C
Anklet,Celestial Anklet of Magic C.C.S,C
Anklet,Celestial Anklet of Wisdom C.C.S,C
Anklet,Celestial Anklet of Courage C.C.A,A
Anklet,Celestial Anklet of Agility C.C.A,A
Anklet,Celestial Anklet of Magic C.C.A,A
Anklet,Celestial Anklet of Wisdom C.C.A,A
Anklet,Celestial Anklet of Courage C.C.B,B
Anklet,Celestial Anklet of Agility C.C.B,B
Anklet,Celestial Anklet of Magic C.C.B,B
Anklet,Celestial Anklet of Wisdom C.C.B,B
Anklet,Celestial Anklet of Courage C.C.C,C
Anklet,Celestial Anklet of Agility C.C.C,C
Anklet,Celestial Anklet of Magic C.C.C,C
Anklet,Celestial Anklet of Wisdom C.C.C,C
Anklet,Celestial Anklet of Courage C.C.D,D
Anklet,Celestial Anklet of Agility C.C.D,D
Anklet,Celestial Anklet of Magic C.C.D,D
Anklet,Celestial Anklet of Wisdom C.C.D,D
Anklet,Celestial Anklet of Courage C.D.S,D
Anklet,Celestial Anklet of Agility C.D.S,D
Anklet,Celestial Anklet of Magic C.D.S,D
Anklet,Celestial Anklet of Wisdom C.D.S,D
Anklet,Celestial Anklet of Courage C.D.A,A
Anklet,Celestial Anklet of Agility C.D.A,A
Anklet,Celestial Anklet of Magic C.D.A,A
Anklet,Celestial Anklet of Wisdom C.D.A,A
Anklet,Celestial Anklet of Courage C.D.B,B
Anklet,Celestial Anklet of Agility C.D.B,B
Anklet,Celestial Anklet of Magic C.D.B,B
Anklet,Celestial Anklet of Wisdom C.D.B,B
Anklet,Celestial Anklet of Courage C.D.C,C
Anklet,Celestial Anklet of Agility C.D.C,C
Anklet,Celestial Anklet of Magic C.D.C,C
Anklet,Celestial Anklet of Wisdom C.D.C,C
Anklet,Celestial Anklet of Courage C.D.D,D
Anklet,Celestial Anklet of Agility C.D.D,D
Anklet,Celestial Anklet of Magic C.D.D,D
Anklet,Celestial Anklet of Wisdom C.D.D,D
Anklet,Celestial Anklet of Courage D.S.S,D
Anklet,Celestial Anklet of Agility D.S.S,D
Anklet,Celestial Anklet of Magic D.S.S,D
Anklet,Celestial Anklet of Wisdom D.S.S,D
Anklet,Celestial Anklet of Courage D.S.A,A
Anklet,Celestial Anklet of Agility D.S.A,A
Anklet,Celestial Anklet of Magic D.S.A,A
Anklet,Celestial Anklet of Wisdom D.S.A,A
Anklet,Celestial Anklet of Courage D.S.B,B
Anklet,Celestial Anklet of Agility D.S.B,B
Anklet,Celestial Anklet of Magic D.S.B,B
Anklet,Celestial Anklet of Wisdom D.S.B,B
Anklet,Celestial Anklet of Courage D.S.C,C
Anklet,Celestial Anklet of Agility D.S.C,C
Anklet,Celestial Anklet of Magic D.S.C,C
Anklet,Celestial Anklet of Wisdom D.S.C,C
Anklet,Celestial Anklet of Courage D.S.D,D
Anklet,Celestial Anklet of Agility D.S.D,D
Anklet,Celestial Anklet of Magic D.S.D,D
Anklet,Celestial Anklet of Wisdom D.S.D,D
Anklet,Celestial Anklet of Courage D.A.S,A
Anklet,Celestial Anklet of Agility D.A.S,A
Anklet,Celestial Anklet of Magic D.A.S,A
Anklet,Celestial Anklet of Wisdom D.A.S,A
Anklet,Celestial Anklet of Courage D.A.A,A
Anklet,Celestial Anklet of Agility D.A.A,A
Anklet,Celestial Anklet of Magic D.A.A,A
Anklet,Celestial Anklet of Wisdom D.A.A,A
Anklet,Celestial Anklet of Courage D.A.B,B
Anklet,Celestial Anklet of Agility D.A.B,B
Anklet,Celestial Anklet of Magic D.A.B,B
Anklet,Celestial Anklet of Wisdom D.A.B,B
Anklet,Celestial Anklet of Courage D.A.C,C
Anklet,Celestial Anklet of Agility D.A.C,C
Anklet,Celestial Anklet of Magic D.A.C,C
Anklet,Celestial Anklet of Wisdom D.A.C,C
Anklet,Celestial Anklet of Courage D.A.D,D
Anklet,Celestial Anklet of Agility D.A.D,D
Anklet,Celestial Anklet of Magic D.A.D,D
Anklet,Celestial Anklet of Wisdom D.A.D,D
Anklet,Celestial Anklet of Courage D.B.S,B
Anklet,Celestial Anklet of Agility D.B.S,B
Anklet,Celestial Anklet of Magic D.B.S,B
Anklet,Celestial Anklet of Wisdom D.B.S,B
Anklet,Celestial Anklet of Courage D.B.A,A
Anklet,Celestial Anklet of Agility D.B.A,A
Anklet,Celestial Anklet of Magic D.B.A,A
Anklet,Celestial Anklet of Wisdom D.B.A,A
Anklet,Celestial Anklet of Courage D.B.B,B
Anklet,Celestial Anklet of Agility D.B.B,B
Anklet,Celestial Anklet of Magic D.B.B,B
Anklet,Celestial Anklet of Wisdom D.B.B,B
Anklet,Celestial Anklet of Courage D.B.C,C
Anklet,Celestial Anklet of Agility D.B.C,C
Anklet,Celestial Anklet of Magic D.B.C,C
Anklet,Celestial Anklet of Wisdom D.B.C,C
Anklet,Celestial Anklet of Courage D.B.D,D
Anklet,Celestial Anklet of Agility D.B.D,D
Anklet,Celestial Anklet of Magic D.B.D,D
Anklet,Celestial Anklet of Wisdom D.B.D,D
Anklet,Celestial Anklet of Courage D.C.S,C
Anklet,Celestial Anklet of Agility D.C.S,C
Anklet,Celestial Anklet of Magic D.C.S,C
Anklet,Celestial Anklet of Wisdom D.C.S,C
Anklet,Celestial Anklet of Courage D.C.A,A
Anklet,Celestial Anklet of Agility D.C.A,A
Anklet,Celestial Anklet of Magic D.C.A,A
Anklet,Celestial Anklet of Wisdom D.C.A,A
Anklet,Celestial Anklet of Courage D.C.B,B
Anklet,Celestial Anklet of Agility D.C.B,B
Anklet,Celestial Anklet of Magic D.C.B,B
Anklet,Celestial Anklet of Wisdom D.C.B,B
Anklet,Celestial Anklet of Courage D.C.C,C
Anklet,Celestial Anklet of Agility D.C.C,C
Anklet,Celestial Anklet of Magic D.C.C,C
Anklet,Celestial Anklet of Wisdom D.C.C,C
Anklet,Celestial Anklet of Courage D.C.D,D
Anklet,Celestial Anklet of Agility D.C.D,D
Anklet,Celestial Anklet of Magic D.C.D,D
Anklet,Celestial Anklet of Wisdom D.C.D,D
Anklet,Celestial Anklet of Courage D.D.S,D
Anklet,Celestial Anklet of Agility D.D.S,D
Anklet,Celestial Anklet of Magic D.D.S,D
Anklet,Celestial Anklet of Wisdom D.D.S,D
Anklet,Celestial Anklet of Courage D.D.A,A
Anklet,Celestial Anklet of Agility D.D.A,A
Anklet,Celestial Anklet of Magic D.D.A,A
Anklet,Celestial Anklet of Wisdom D.D.A,A
Anklet,Celestial Anklet of Courage D.D.B,B
Anklet,Celestial Anklet of Agility D.D.B,B
Anklet,Celestial Anklet of Magic D.D.B,B
Anklet,Celestial Anklet of Wisdom D.D.B,B
Anklet,Celestial Anklet of Courage D.D.C,C
Anklet,Celestial Anklet of Agility D.D.C,C
Anklet,Celestial Anklet of Magic D.D.C,C
Anklet,Celestial Anklet of Wisdom D.D.C,C
Anklet,Celestial Anklet of Courage D.D.D,D
Anklet,Celestial Anklet of Agility D.D.D,D
Anklet,Celestial Anklet of Magic D.D.D,D
Anklet,Celestial Anklet of Wisdom D.D.D,D
